<ArrayOfRecentColorSettings xmlns="http://schemas.flexem.com/fs/Settings/RecentColorSettings" xmlns:i="http://www.w3.org/2001/XMLSchema-instance"><RecentColorSettings><Color xmlns:a="http://schemas.datacontract.org/2004/07/System.Windows.Media"><a:A>255</a:A><a:B>176</a:B><a:G>174</a:G><a:R>32</a:R><a:ScA>1</a:ScA><a:ScB>0.434153646</a:ScB><a:ScG>0.423267663</a:ScG><a:ScR>0.0144438436</a:ScR></Color><Name/></RecentColorSettings><RecentColorSettings><Color xmlns:a="http://schemas.datacontract.org/2004/07/System.Windows.Media"><a:A>255</a:A><a:B>128</a:B><a:G>255</a:G><a:R>128</a:R><a:ScA>1</a:ScA><a:ScB>0.2158605</a:ScB><a:ScG>1</a:ScG><a:ScR>0.2158605</a:ScR></Color><Name>2</Name></RecentColorSettings><RecentColorSettings><Color xmlns:a="http://schemas.datacontract.org/2004/07/System.Windows.Media"><a:A>255</a:A><a:B>0</a:B><a:G>255</a:G><a:R>128</a:R><a:ScA>1</a:ScA><a:ScB>0</a:ScB><a:ScG>1</a:ScG><a:ScR>0.2158605</a:ScR></Color><Name>10</Name></RecentColorSettings><RecentColorSettings><Color xmlns:a="http://schemas.datacontract.org/2004/07/System.Windows.Media"><a:A>255</a:A><a:B>232</a:B><a:G>232</a:G><a:R>221</a:R><a:ScA>1</a:ScA><a:ScB>0.806952238</a:ScB><a:ScG>0.806952238</a:ScG><a:ScR>0.7230551</a:ScR></Color><Name/></RecentColorSettings><RecentColorSettings><Color xmlns:a="http://schemas.datacontract.org/2004/07/System.Windows.Media"><a:A>255</a:A><a:B>0</a:B><a:G>255</a:G><a:R>0</a:R><a:ScA>1</a:ScA><a:ScB>0</a:ScB><a:ScG>1</a:ScG><a:ScR>0</a:ScR></Color><Name>18</Name></RecentColorSettings><RecentColorSettings><Color xmlns:a="http://schemas.datacontract.org/2004/07/System.Windows.Media"><a:A>255</a:A><a:B>114</a:B><a:G>170</a:G><a:R>114</a:R><a:ScA>1</a:ScA><a:ScB>0.1682694</a:ScB><a:ScG>0.401977777</a:ScG><a:ScR>0.1682694</a:ScR></Color><Name/></RecentColorSettings><RecentColorSettings><Color xmlns:a="http://schemas.datacontract.org/2004/07/System.Windows.Media"><a:A>255</a:A><a:B>0</a:B><a:G>255</a:G><a:R>0</a:R><a:ScA>1</a:ScA><a:ScB>0</a:ScB><a:ScG>1</a:ScG><a:ScR>0</a:ScR></Color><Name>18</Name></RecentColorSettings><RecentColorSettings><Color xmlns:a="http://schemas.datacontract.org/2004/07/System.Windows.Media"><a:A>255</a:A><a:B>255</a:B><a:G>255</a:G><a:R>255</a:R><a:ScA>1</a:ScA><a:ScB>1</a:ScB><a:ScG>1</a:ScG><a:ScR>1</a:ScR></Color><Name>47</Name></RecentColorSettings></ArrayOfRecentColorSettings>