<ArrayOfKeyValueOfguidstring xmlns="http://schemas.microsoft.com/2003/10/Serialization/Arrays" xmlns:i="http://www.w3.org/2001/XMLSchema-instance"><KeyValueOfguidstring><Key>6c0b37b8-46de-462f-849b-00c213bbc81b</Key><Value>button</Value></KeyValueOfguidstring><KeyValueOfguidstring><Key>2a5c0892-0a28-4c3a-8d23-4109e9fdd5b5</Key><Value>button002</Value></KeyValueOfguidstring><KeyValueOfguidstring><Key>b23340be-46d9-48d7-84c9-677b1d1e2a43</Key><Value>Enter</Value></KeyValueOfguidstring><KeyValueOfguidstring><Key>cb9a998e-dcc1-4105-ae79-25bc57b98a3e</Key><Value>Frame002</Value></KeyValueOfguidstring><KeyValueOfguidstring><Key>5d8d5df5-04cd-4c88-b003-4bff34a30715</Key><Value>mima</Value></KeyValueOfguidstring><KeyValueOfguidstring><Key>f88ebf5a-af95-4267-a000-4ad0a00ede59</Key><Value>OK</Value></KeyValueOfguidstring><KeyValueOfguidstring><Key>b4ed2e5e-25a5-4166-bfbc-9e17b49f16cb</Key><Value>Space</Value></KeyValueOfguidstring><KeyValueOfguidstring><Key>d61c29ac-683d-4e39-8cc7-aaacdda46472</Key><Value>上下页</Value></KeyValueOfguidstring><KeyValueOfguidstring><Key>511b5e77-c566-4bee-bfeb-fb7c938213e8</Key><Value>信号强度</Value></KeyValueOfguidstring><KeyValueOfguidstring><Key>6bf98dc2-c990-48ec-a1aa-5e4616dc9c5b</Key><Value>刷新</Value></KeyValueOfguidstring><KeyValueOfguidstring><Key>0661bc9f-59bd-4421-84da-5d9845506983</Key><Value>大写键</Value></KeyValueOfguidstring><KeyValueOfguidstring><Key>b1601494-64b1-4145-b4bc-d577f6346933</Key><Value>常用图标PNG18</Value></KeyValueOfguidstring><KeyValueOfguidstring><Key>d2941a01-2c5c-4f5b-98f3-d0545691d948</Key><Value>常用图标PNG3</Value></KeyValueOfguidstring><KeyValueOfguidstring><Key>7d80b936-59c8-45e5-b1be-a79e58bd8014</Key><Value>常用图标PNG47</Value></KeyValueOfguidstring><KeyValueOfguidstring><Key>8f52b5dc-01ea-4903-8369-884ee90ceaa5</Key><Value>常用图标PNG5</Value></KeyValueOfguidstring><KeyValueOfguidstring><Key>d1a3ddd9-abef-4b62-a4e1-028a0bfbddc3</Key><Value>开关001</Value></KeyValueOfguidstring><KeyValueOfguidstring><Key>008d1a33-96fd-4ce7-896e-4f42348182de</Key><Value>开关020</Value></KeyValueOfguidstring><KeyValueOfguidstring><Key>e6556bbb-7079-40b8-8bb7-12721e28c54c</Key><Value>弯头001</Value></KeyValueOfguidstring><KeyValueOfguidstring><Key>6f73f85a-341f-467f-9620-926fe18fda0e</Key><Value>弯头002</Value></KeyValueOfguidstring><KeyValueOfguidstring><Key>73c4a0a3-44d8-47e0-9647-e9bcaaeaf10a</Key><Value>弯头003</Value></KeyValueOfguidstring><KeyValueOfguidstring><Key>6b2d1a1b-c0ea-4146-b467-3ea2d6510b9c</Key><Value>弯头009</Value></KeyValueOfguidstring><KeyValueOfguidstring><Key>5c332db2-b89f-44ac-a565-7922be15e5d7</Key><Value>指示灯002</Value></KeyValueOfguidstring><KeyValueOfguidstring><Key>3699ed2b-327d-4767-a865-f21f258fa8f6</Key><Value>指示灯006</Value></KeyValueOfguidstring><KeyValueOfguidstring><Key>7d746e2f-7d03-4f79-88e1-79e407f4922f</Key><Value>指示灯5</Value></KeyValueOfguidstring><KeyValueOfguidstring><Key>9c351452-a569-4252-a721-b684fe49d2fa</Key><Value>指示灯PNG20</Value></KeyValueOfguidstring><KeyValueOfguidstring><Key>998c6913-e5cb-43cd-a854-9c51e502fc36</Key><Value>指示灯PNG3</Value></KeyValueOfguidstring><KeyValueOfguidstring><Key>c0c9ee7c-3b64-4a92-8fef-ad7bab6c93ff</Key><Value>无线</Value></KeyValueOfguidstring><KeyValueOfguidstring><Key>499a71b1-d00f-4289-bbba-ee5f7417b963</Key><Value>流动块</Value></KeyValueOfguidstring><KeyValueOfguidstring><Key>9a74e817-7812-480a-bd35-0479fb63441e</Key><Value>滑动底色</Value></KeyValueOfguidstring><KeyValueOfguidstring><Key>af4116b3-83c1-4ead-9dfe-c5e191dff1b9</Key><Value>滑块</Value></KeyValueOfguidstring><KeyValueOfguidstring><Key>29fbed1a-d3f4-49e0-bee5-54969b079aa1</Key><Value>网络</Value></KeyValueOfguidstring><KeyValueOfguidstring><Key>18d7b0d6-3ffd-4fc2-a130-afc8f1416ff7</Key><Value>背景</Value></KeyValueOfguidstring><KeyValueOfguidstring><Key>3e6182ba-2d45-442b-8d35-a149776cea2d</Key><Value>计算机PNG39</Value></KeyValueOfguidstring><KeyValueOfguidstring><Key>65393957-780c-4978-93f0-4e86d369d024</Key><Value>边框002</Value></KeyValueOfguidstring><KeyValueOfguidstring><Key>86d333f7-7923-415a-a71f-0c01699ddd6b</Key><Value>退格</Value></KeyValueOfguidstring><KeyValueOfguidstring><Key>2c613598-d273-4c8a-a243-a2fda4a1707f</Key><Value>重启</Value></KeyValueOfguidstring><KeyValueOfguidstring><Key>a75665e1-4ef9-4e9c-91c8-b430d6a799cb</Key><Value>静态</Value></KeyValueOfguidstring><KeyValueOfguidstring><Key>66f78f52-16c3-474c-a5b9-654d7ed84198</Key><Value>音量+</Value></KeyValueOfguidstring><KeyValueOfguidstring><Key>c94363f2-0120-40c0-9845-3f4894998ba2</Key><Value>音量减-</Value></KeyValueOfguidstring><KeyValueOfguidstring><Key>2fe49827-db7d-454d-8f5e-85895407fb2e</Key><Value>指示灯051</Value></KeyValueOfguidstring><KeyValueOfguidstring><Key>ac0adf57-0cd9-4abb-8a0c-96a2691115da</Key><Value>状态切换</Value></KeyValueOfguidstring><KeyValueOfguidstring><Key>2df8e4a0-01f4-4233-9755-b06eb6ffce58</Key><Value>按钮013</Value></KeyValueOfguidstring><KeyValueOfguidstring><Key>d0ffb6d2-aa6c-4ec8-ad00-1990eae1ec6c</Key><Value>按钮011</Value></KeyValueOfguidstring><KeyValueOfguidstring><Key>866ec5bc-b254-40eb-abaf-92ca2beb5cb7</Key><Value>按钮014</Value></KeyValueOfguidstring><KeyValueOfguidstring><Key>77d73548-2ac0-488d-809b-5cb10e7cc267</Key><Value>按钮012</Value></KeyValueOfguidstring><KeyValueOfguidstring><Key>f7c3a31d-5ff9-4718-85c1-d32b30bc8bb8</Key><Value>按钮005</Value></KeyValueOfguidstring><KeyValueOfguidstring><Key>d33af0a3-399d-47f8-bac0-2bf2cb41fa2f</Key><Value>开关057</Value></KeyValueOfguidstring><KeyValueOfguidstring><Key>57fde0ac-8264-48f9-acd9-c4b73bb89902</Key><Value>运行状态</Value></KeyValueOfguidstring><KeyValueOfguidstring><Key>cce9c90b-1a3c-438e-ab4b-5b27bd2b2b01</Key><Value>状态机</Value></KeyValueOfguidstring><KeyValueOfguidstring><Key>c8c3fb6c-8f0f-46f1-86cc-42a3b42c533a</Key><Value>多色显示</Value></KeyValueOfguidstring><KeyValueOfguidstring><Key>3b5ab95d-5200-4824-9adb-377d3fe03d1e</Key><Value>指示灯019</Value></KeyValueOfguidstring><KeyValueOfguidstring><Key>c3a4990a-3c4e-4520-81a7-e19a6afa6874</Key><Value>指示灯026</Value></KeyValueOfguidstring><KeyValueOfguidstring><Key>a052cd2a-ecdb-4bbd-bc0c-b95b02879de4</Key><Value>按钮010</Value></KeyValueOfguidstring><KeyValueOfguidstring><Key>a8de8fad-aa0b-47a6-9362-c7701bc3c8ab</Key><Value>边框017</Value></KeyValueOfguidstring><KeyValueOfguidstring><Key>b9c00c38-c6ac-46f8-9dc3-dfe798485551</Key><Value>按钮008</Value></KeyValueOfguidstring><KeyValueOfguidstring><Key>69923f68-72e4-4b61-b935-f9c59e7680a4</Key><Value>开关016</Value></KeyValueOfguidstring><KeyValueOfguidstring><Key>c0b3115e-ae15-4e9d-860f-a2a69210d55c</Key><Value>按钮007</Value></KeyValueOfguidstring><KeyValueOfguidstring><Key>f8b33e9a-5000-4b5b-9528-50d62dd4bdba</Key><Value>边框027</Value></KeyValueOfguidstring><KeyValueOfguidstring><Key>7ce52bc7-d8df-4ba0-be53-c59e59aa17b1</Key><Value>test</Value></KeyValueOfguidstring><KeyValueOfguidstring><Key>de8464de-ebc3-4111-97f7-844044989834</Key><Value>按钮009</Value></KeyValueOfguidstring><KeyValueOfguidstring><Key>54b6bb11-cc0a-4974-806f-b2f46810aeeb</Key><Value>开关</Value></KeyValueOfguidstring><KeyValueOfguidstring><Key>c6e2e5b5-b76f-4798-99d4-05840389e115</Key><Value>开关1</Value></KeyValueOfguidstring><KeyValueOfguidstring><Key>ed0b228c-98da-40f5-895e-97513bb4a537</Key><Value>开关2</Value></KeyValueOfguidstring><KeyValueOfguidstring><Key>b5043540-7869-42ae-8c10-298e432e0cf2</Key><Value>电机方向</Value></KeyValueOfguidstring></ArrayOfKeyValueOfguidstring>